[
  {
    "id": "dd27d557-a135-4d11-8ce4-28c40b4ddcc7",
    "data": [
      {
        "text": "what is content writing",
        "userDefined": false
      }
    ],
    "isTemplate": false,
    "count": 0,
    "lang": "en",
    "updated": 0
  },
  {
    "id": "16aa6a28-97f8-4169-849f-899f2a4dde0b",
    "data": [
      {
        "text": "about content writing",
        "userDefined": false
      }
    ],
    "isTemplate": false,
    "count": 0,
    "lang": "en",
    "updated": 0
  },
  {
    "id": "4541565a-9916-43d5-829d-0eafd3e39639",
    "data": [
      {
        "text": "Content writing",
        "userDefined": false
      }
    ],
    "isTemplate": false,
    "count": 0,
    "lang": "en",
    "updated": 0
  },
  {
    "id": "e0b585ca-1d3b-4648-a313-c789607aded9",
    "data": [
      {
        "text": "have a blog?",
        "userDefined": false
      }
    ],
    "isTemplate": false,
    "count": 0,
    "lang": "en",
    "updated": 0
  }
]