[
  {
    "id": "1d9aa71f-fbdb-4fd4-8ee8-6dfc63b098ec",
    "data": [
      {
        "text": "cya",
        "userDefined": false
      }
    ],
    "isTemplate": false,
    "count": 0,
    "lang": "en",
    "updated": 0
  },
  {
    "id": "c2a8392d-bb4d-4ca4-9346-516faa1bc9a7",
    "data": [
      {
        "text": "biee",
        "userDefined": false
      }
    ],
    "isTemplate": false,
    "count": 0,
    "lang": "en",
    "updated": 0
  },
  {
    "id": "66f6a102-5f38-4e5e-bcf8-926581ffd690",
    "data": [
      {
        "text": "Catch you later",
        "userDefined": false
      }
    ],
    "isTemplate": false,
    "count": 0,
    "lang": "en",
    "updated": 0
  },
  {
    "id": "419e0a6e-eb0b-4fa3-9acc-a7fbea229006",
    "data": [
      {
        "text": "Good bye",
        "userDefined": false
      }
    ],
    "isTemplate": false,
    "count": 0,
    "lang": "en",
    "updated": 0
  },
  {
    "id": "b4431e5d-ee29-4c9f-a9d3-ade982ba9835",
    "data": [
      {
        "text": "c ya",
        "userDefined": false
      }
    ],
    "isTemplate": false,
    "count": 0,
    "lang": "en",
    "updated": 0
  },
  {
    "id": "66c88f8a-027e-4fb7-a7e1-00fa0f1fec74",
    "data": [
      {
        "text": "Bye",
        "userDefined": false
      }
    ],
    "isTemplate": false,
    "count": 0,
    "lang": "en",
    "updated": 0
  }
]