[
  {
    "id": "f7c4136f-d846-41d0-b61b-b70b825b5fbf",
    "data": [
      {
        "text": "does it cover ",
        "userDefined": false
      },
      {
        "text": "python",
        "meta": "@languages",
        "alias": "python",
        "userDefined": true
      },
      {
        "text": "?",
        "userDefined": false
      }
    ],
    "isTemplate": false,
    "count": 0,
    "lang": "en",
    "updated": 0
  },
  {
    "id": "ff533aa7-f8ab-4797-9c26-cd7624408670",
    "data": [
      {
        "text": "programming languages cover ",
        "userDefined": false
      },
      {
        "text": "python",
        "meta": "@languages",
        "alias": "python",
        "userDefined": true
      },
      {
        "text": "?",
        "userDefined": false
      }
    ],
    "isTemplate": false,
    "count": 0,
    "lang": "en",
    "updated": 0
  },
  {
    "id": "b76bafaa-075f-4a04-b2ac-1debc64d7af5",
    "data": [
      {
        "text": " programming languages consist of?",
        "userDefined": false
      }
    ],
    "isTemplate": false,
    "count": 0,
    "lang": "en",
    "updated": 0
  },
  {
    "id": "3e9e0ca4-2690-40fa-b277-efc635b32a16",
    "data": [
      {
        "text": "tell me about programming languages",
        "userDefined": false
      }
    ],
    "isTemplate": false,
    "count": 0,
    "lang": "en",
    "updated": 0
  },
  {
    "id": "67ed2cd6-8709-4da8-8bd7-87c0d96a0c0b",
    "data": [
      {
        "text": "more about programming languages?",
        "userDefined": false
      }
    ],
    "isTemplate": false,
    "count": 0,
    "lang": "en",
    "updated": 0
  }
]