[
  {
    "id": "b69dacee-0c32-40ae-989b-be7d1c5702ea",
    "data": [
      {
        "text": "social media handles",
        "userDefined": false
      }
    ],
    "isTemplate": false,
    "count": 0,
    "lang": "en",
    "updated": 0
  },
  {
    "id": "0734e6bf-0b41-4a9a-95c5-3b2810105608",
    "data": [
      {
        "text": "socialmediahandles",
        "userDefined": false
      }
    ],
    "isTemplate": false,
    "count": 0,
    "lang": "en",
    "updated": 0
  },
  {
    "id": "3d5d9074-dc7b-4ba9-8239-596feebcfefd",
    "data": [
      {
        "text": "socialhandles",
        "userDefined": false
      }
    ],
    "isTemplate": false,
    "count": 0,
    "lang": "en",
    "updated": 0
  },
  {
    "id": "229d89d1-150a-42f5-8aa6-3f97f1815b1e",
    "data": [
      {
        "text": "social handles",
        "userDefined": false
      }
    ],
    "isTemplate": false,
    "count": 0,
    "lang": "en",
    "updated": 0
  }
]