[
  {
    "id": "4ed8495c-4b8f-4f67-8b91-31ac15073afe",
    "data": [
      {
        "text": "thank u",
        "userDefined": false
      }
    ],
    "isTemplate": false,
    "count": 0,
    "lang": "en",
    "updated": 0
  },
  {
    "id": "652398d8-0f38-4d11-95ef-7f6c672bff30",
    "data": [
      {
        "text": "thanks",
        "userDefined": false
      }
    ],
    "isTemplate": false,
    "count": 0,
    "lang": "en",
    "updated": 0
  },
  {
    "id": "c63affbd-2bca-47ea-97b6-78cc98d09c28",
    "data": [
      {
        "text": "thnx",
        "userDefined": false
      }
    ],
    "isTemplate": false,
    "count": 0,
    "lang": "en",
    "updated": 0
  },
  {
    "id": "bfcbb473-6e4b-447f-97f9-5a4d45b98d33",
    "data": [
      {
        "text": "Okay",
        "userDefined": false
      }
    ],
    "isTemplate": false,
    "count": 0,
    "lang": "en",
    "updated": 0
  },
  {
    "id": "4f0ef46d-5319-4f42-8c3e-fbb9058e78a2",
    "data": [
      {
        "text": "You gave me exactly what I need!",
        "userDefined": false
      }
    ],
    "isTemplate": false,
    "count": 0,
    "lang": "en",
    "updated": 0
  },
  {
    "id": "9d026e8f-0e16-404c-a285-20f7d09f2712",
    "data": [
      {
        "text": "You\u0027ve been so helpful ☺",
        "userDefined": false
      }
    ],
    "isTemplate": false,
    "count": 0,
    "lang": "en",
    "updated": 0
  },
  {
    "id": "0ad80bfc-6236-409d-ad07-6736347317c4",
    "data": [
      {
        "text": "Love your work",
        "userDefined": false
      }
    ],
    "isTemplate": false,
    "count": 0,
    "lang": "en",
    "updated": 0
  },
  {
    "id": "b79f2242-5bc6-4f9f-8ff2-b505171effe6",
    "data": [
      {
        "text": "I\u0027m looking forward to working with you again! ☺",
        "userDefined": false
      }
    ],
    "isTemplate": false,
    "count": 0,
    "lang": "en",
    "updated": 0
  },
  {
    "id": "207be0d3-7bd8-4ceb-9cac-638f92dfea2c",
    "data": [
      {
        "text": "you the man",
        "userDefined": false
      }
    ],
    "isTemplate": false,
    "count": 0,
    "lang": "en",
    "updated": 0
  },
  {
    "id": "748590be-2740-4dfe-8b42-f120a5b77563",
    "data": [
      {
        "text": "thx",
        "userDefined": false
      }
    ],
    "isTemplate": false,
    "count": 0,
    "lang": "en",
    "updated": 0
  },
  {
    "id": "90a96997-df92-4775-8449-5f52e5af98ce",
    "data": [
      {
        "text": "Thank you",
        "userDefined": false
      }
    ],
    "isTemplate": false,
    "count": 0,
    "lang": "en",
    "updated": 0
  }
]