[
  {
    "id": "1b6f2f2a-c1ba-4d98-a3d0-ce0f5b6c549a",
    "data": [
      {
        "text": "Can you tell me about this club?",
        "userDefined": false
      }
    ],
    "isTemplate": false,
    "count": 0,
    "lang": "en",
    "updated": 0
  },
  {
    "id": "7ea9cf8f-c253-4934-9c9d-c4d8da4c8183",
    "data": [
      {
        "text": "Can you tell me something about what you guys do?",
        "userDefined": false
      }
    ],
    "isTemplate": false,
    "count": 0,
    "lang": "en",
    "updated": 0
  },
  {
    "id": "5c5d4ea3-ef92-4458-900f-fe69dc0cf53f",
    "data": [
      {
        "text": "Can you fill me in on this club?",
        "userDefined": false
      }
    ],
    "isTemplate": false,
    "count": 0,
    "lang": "en",
    "updated": 0
  },
  {
    "id": "43a2d853-56bd-4570-83e5-73a13ad82a1d",
    "data": [
      {
        "text": "Can you tell me about ISTE Manipal?",
        "userDefined": false
      }
    ],
    "isTemplate": false,
    "count": 0,
    "lang": "en",
    "updated": 0
  },
  {
    "id": "df7814ab-aa36-4360-854c-dfe4e33d889d",
    "data": [
      {
        "text": "Can you tell me about ISTE?",
        "userDefined": false
      }
    ],
    "isTemplate": false,
    "count": 0,
    "lang": "en",
    "updated": 0
  },
  {
    "id": "af2b960d-c696-4c7e-8b1b-a880c0c6fdf2",
    "data": [
      {
        "text": "What are you guys about?",
        "userDefined": false
      }
    ],
    "isTemplate": false,
    "count": 0,
    "lang": "en",
    "updated": 0
  },
  {
    "id": "8bec2809-0724-44da-98e7-99981a9523ef",
    "data": [
      {
        "text": "What\u0027s this website about?",
        "userDefined": false
      }
    ],
    "isTemplate": false,
    "count": 0,
    "lang": "en",
    "updated": 0
  },
  {
    "id": "999925f3-595c-4b8b-82ae-eabdfcf69c8a",
    "data": [
      {
        "text": "What is ISTE",
        "userDefined": false
      }
    ],
    "isTemplate": false,
    "count": 0,
    "lang": "en",
    "updated": 0
  },
  {
    "id": "2e8382c9-0b6d-4973-893d-b8ac55a0c7ee",
    "data": [
      {
        "text": "what is iste Manipal",
        "userDefined": false
      }
    ],
    "isTemplate": false,
    "count": 0,
    "lang": "en",
    "updated": 0
  },
  {
    "id": "4c38e9d5-cb89-4ed2-9e46-8f4e25de387a",
    "data": [
      {
        "text": "What Do you at ISTE Manipal",
        "userDefined": false
      }
    ],
    "isTemplate": false,
    "count": 0,
    "lang": "en",
    "updated": 0
  },
  {
    "id": "1b444fff-4c77-481a-bbaa-6d6c43d7d0f4",
    "data": [
      {
        "text": "Tell me about your ISTE",
        "userDefined": false
      }
    ],
    "isTemplate": false,
    "count": 0,
    "lang": "en",
    "updated": 0
  }
]