[
  {
    "id": "eb1a1848-dcac-4906-b5ac-bf705524b95d",
    "data": [
      {
        "text": "assist you?",
        "userDefined": false
      }
    ],
    "isTemplate": false,
    "count": 0,
    "lang": "en",
    "updated": 0
  },
  {
    "id": "897e8ed0-d38e-4999-a68b-a0b1ef70744a",
    "data": [
      {
        "text": "How can I assist u?",
        "userDefined": false
      }
    ],
    "isTemplate": false,
    "count": 0,
    "lang": "en",
    "updated": 0
  },
  {
    "id": "56e17a43-6c1f-47db-beda-3321c31f2f5b",
    "data": [
      {
        "text": "details can u give?",
        "userDefined": false
      }
    ],
    "isTemplate": false,
    "count": 0,
    "lang": "en",
    "updated": 0
  },
  {
    "id": "ef0b368d-a40e-4853-b28f-25540b1fc38a",
    "data": [
      {
        "text": "What do u exactly do?",
        "userDefined": false
      }
    ],
    "isTemplate": false,
    "count": 0,
    "lang": "en",
    "updated": 0
  },
  {
    "id": "766eb76e-6c85-438f-8efc-047cff152d7b",
    "data": [
      {
        "text": "How can you be of some help?",
        "userDefined": false
      }
    ],
    "isTemplate": false,
    "count": 0,
    "lang": "en",
    "updated": 0
  },
  {
    "id": "8f9a06fe-acee-45f9-843e-d2af99e46d2e",
    "data": [
      {
        "text": "What can you do?",
        "userDefined": false
      }
    ],
    "isTemplate": false,
    "count": 0,
    "lang": "en",
    "updated": 0
  },
  {
    "id": "80a09704-32dc-40ce-abf7-40154a091dce",
    "data": [
      {
        "text": "Help me",
        "userDefined": false
      }
    ],
    "isTemplate": false,
    "count": 0,
    "lang": "en",
    "updated": 0
  },
  {
    "id": "fd44da75-14b7-4258-a50f-9c4d5ff39897",
    "data": [
      {
        "text": "What can you do",
        "userDefined": false
      }
    ],
    "isTemplate": false,
    "count": 0,
    "lang": "en",
    "updated": 0
  },
  {
    "id": "e2001a1f-bb99-4aae-b86b-f81dcf13c97b",
    "data": [
      {
        "text": "How can you help me",
        "userDefined": false
      }
    ],
    "isTemplate": false,
    "count": 0,
    "lang": "en",
    "updated": 0
  },
  {
    "id": "21a123ef-d533-4369-b070-3a684493a1bf",
    "data": [
      {
        "text": "What all can you do",
        "userDefined": false
      }
    ],
    "isTemplate": false,
    "count": 0,
    "lang": "en",
    "updated": 0
  },
  {
    "id": "2d6f8c85-8e00-4ec2-8a53-d129b3cddcdc",
    "data": [
      {
        "text": "What are your funtions",
        "userDefined": false
      }
    ],
    "isTemplate": false,
    "count": 0,
    "lang": "en",
    "updated": 0
  }
]